rgn_id,value
1,6.32050379497039
2,6.32050379497039
3,6.32050379497039
4,6.32050379497039
5,6.32050379497039
6,6.32050379497039
7,6.32050379497039
8,6.32050379497039
9,6.32050379497039
10,6.32050379497039
11,6.32050379497039
12,6.32050379497039
14,6.32050379497039
15,6.32050379497039
16,6.32050379497039
17,6.32050379497039
