rgn_id,pressure_score
1,0.256780613405555
2,0.256780613405555
3,0.256780613405555
4,0.256780613405555
5,0.256780613405555
6,0.256780613405555
7,0.256780613405555
8,0.256780613405555
9,0.256780613405555
10,0.256780613405555
11,0.256780613405555
12,0.256780613405555
14,0.256780613405555
15,0.256780613405555
16,0.256780613405555
17,0.256780613405555
