rgn_id,pressure_score
1,0.217490766583189
2,0.217490766583189
3,0.217490766583189
4,0.217490766583189
5,0.217490766583189
6,0.217490766583189
7,0.217490766583189
8,0.217490766583189
9,0.217490766583189
10,0.217490766583189
11,0.217490766583189
12,0.217490766583189
14,0.217490766583189
15,0.217490766583189
16,0.217490766583189
17,0.217490766583189
