rgn_id,pressure_score
1,0.0980726895036852
2,0.0980726895036852
3,0.0980726895036852
4,0.0980726895036852
5,0.0980726895036852
6,0.0980726895036852
7,0.0980726895036852
8,0.0980726895036852
9,0.0980726895036852
10,0.0980726895036852
11,0.0980726895036852
12,0.0980726895036852
14,0.0980726895036852
15,0.0980726895036852
16,0.0980726895036852
17,0.0980726895036852
