rgn_id,pressure_score
1,0.223837037487149
2,0.223837037487149
3,0.223837037487149
4,0.223837037487149
5,0.223837037487149
6,0.223837037487149
7,0.223837037487149
8,0.223837037487149
9,0.223837037487149
10,0.223837037487149
11,0.223837037487149
12,0.223837037487149
14,0.223837037487149
15,0.223837037487149
16,0.223837037487149
17,0.223837037487149
