rgn_id,trend
1,0.318837914866232
2,0.318837914866232
3,0.318837914866232
4,0.318837914866232
5,0.318837914866232
6,0.318837914866232
7,0.318837914866232
8,0.318837914866232
9,0.318837914866232
10,0.318837914866232
11,0.318837914866232
12,0.318837914866232
14,0.318837914866232
15,0.318837914866232
16,0.318837914866232
17,0.318837914866232
