rgn_id,pressure_score
1,0.60531062525666
2,0.60531062525666
3,0.60531062525666
4,0.60531062525666
5,0.60531062525666
6,0.60531062525666
7,0.60531062525666
8,0.60531062525666
9,0.60531062525666
10,0.60531062525666
11,0.60531062525666
12,0.60531062525666
14,0.60531062525666
15,0.60531062525666
16,0.60531062525666
17,0.60531062525666
