rgn_id,pressure_score
1,0.398855050797799
2,0.398855050797799
3,0.398855050797799
4,0.398855050797799
5,0.398855050797799
6,0.398855050797799
7,0.398855050797799
8,0.398855050797799
9,0.398855050797799
10,0.398855050797799
11,0.398855050797799
12,0.398855050797799
14,0.398855050797799
15,0.398855050797799
16,0.398855050797799
17,0.398855050797799
