rgn_id,resilience.score
1,0.17192395495342
2,0.17192395495342
3,0.17192395495342
4,0.17192395495342
5,0.17192395495342
6,0.17192395495342
7,0.17192395495342
8,0.17192395495342
9,0.17192395495342
10,0.17192395495342
11,0.17192395495342
12,0.17192395495342
14,0.17192395495342
15,0.17192395495342
16,0.17192395495342
17,0.17192395495342
