rgn_id,resilience.score
1,0.888888888889
2,0.888888888889
3,0.888888888889
4,0.888888888889
5,0.888888888889
6,0.888888888889
7,0.888888888889
8,0.888888888889
9,0.888888888889
10,0.888888888889
11,0.888888888889
12,0.888888888889
14,0.888888888889
15,0.888888888889
16,0.888888888889
17,0.888888888889
