rgn_id,pressure_score
1,0.313823467383883
2,0.313823467383883
3,0.313823467383883
4,0.313823467383883
5,0.313823467383883
6,0.313823467383883
7,0.313823467383883
8,0.313823467383883
9,0.313823467383883
10,0.313823467383883
11,0.313823467383883
12,0.313823467383883
14,0.313823467383883
15,0.313823467383883
16,0.313823467383883
17,0.313823467383883
