rgn_id,resilience.score
1,0.83735
2,0.83735
3,0.83735
4,0.83735
5,0.83735
6,0.83735
7,0.83735
8,0.83735
9,0.83735
10,0.83735
11,0.83735
12,0.83735
14,0.83735
15,0.83735
16,0.83735
17,0.83735
