rgn_id,score
1,0.656959381428571
2,0.656959381428571
3,0.656959381428571
4,0.656959381428571
5,0.656959381428571
6,0.656959381428571
7,0.656959381428571
8,0.656959381428571
9,0.656959381428571
10,0.656959381428571
11,0.656959381428571
12,0.656959381428571
14,0.656959381428571
15,0.656959381428571
16,0.656959381428571
17,0.656959381428571
