rgn_id,resilience.score
1,0.551123191521
2,0.551123191521
3,0.551123191521
4,0.551123191521
5,0.551123191521
6,0.551123191521
7,0.551123191521
8,0.551123191521
9,0.551123191521
10,0.551123191521
11,0.551123191521
12,0.551123191521
14,0.551123191521
15,0.551123191521
16,0.551123191521
17,0.551123191521
