rgn_id,pressure_score
1,0.123515322647575
2,0.123515322647575
3,0.123515322647575
4,0.123515322647575
5,0.123515322647575
6,0.123515322647575
7,0.123515322647575
8,0.123515322647575
9,0.123515322647575
10,0.123515322647575
11,0.123515322647575
12,0.123515322647575
14,0.123515322647575
15,0.123515322647575
16,0.123515322647575
17,0.123515322647575
