rgn_id,pressure_score
1,0.0851408419272189
2,0.0851408419272189
3,0.0851408419272189
4,0.0851408419272189
5,0.0851408419272189
6,0.0851408419272189
7,0.0851408419272189
8,0.0851408419272189
9,0.0851408419272189
10,0.0851408419272189
11,0.0851408419272189
12,0.0851408419272189
14,0.0851408419272189
15,0.0851408419272189
16,0.0851408419272189
17,0.0851408419272189
