rgn_id,pressure_score
1,0.0502625056250203
2,0.0502625056250203
3,0.0502625056250203
4,0.0502625056250203
5,0.0502625056250203
6,0.0502625056250203
7,0.0502625056250203
8,0.0502625056250203
9,0.0502625056250203
10,0.0502625056250203
11,0.0502625056250203
12,0.0502625056250203
14,0.0502625056250203
15,0.0502625056250203
16,0.0502625056250203
17,0.0502625056250203
