rgn_id,pressure_score
1,0.00466100470471415
2,0.00466100470471415
3,0.00466100470471415
4,0.00466100470471415
5,0.00466100470471415
6,0.00466100470471415
7,0.00466100470471415
8,0.00466100470471415
9,0.00466100470471415
10,0.00466100470471415
11,0.00466100470471415
12,0.00466100470471415
14,0.00466100470471415
15,0.00466100470471415
16,0.00466100470471415
17,0.00466100470471415
