rgn_id,pressure_score
1,0.0191867134077901
2,0.0191867134077901
3,0.0191867134077901
4,0.0191867134077901
5,0.0191867134077901
6,0.0191867134077901
7,0.0191867134077901
8,0.0191867134077901
9,0.0191867134077901
10,0.0191867134077901
11,0.0191867134077901
12,0.0191867134077901
14,0.0191867134077901
15,0.0191867134077901
16,0.0191867134077901
17,0.0191867134077901
