rgn_id,pressure_score
1,0.281466825417983
2,0.281466825417983
3,0.281466825417983
4,0.281466825417983
5,0.281466825417983
6,0.281466825417983
7,0.281466825417983
8,0.281466825417983
9,0.281466825417983
10,0.281466825417983
11,0.281466825417983
12,0.281466825417983
14,0.281466825417983
15,0.281466825417983
16,0.281466825417983
17,0.281466825417983
