rgn_id,area_km2
1,3657312.86523
2,3657312.86523
3,3657312.86523
4,3657312.86523
5,3657312.86523
6,3657312.86523
7,3657312.86523
8,3657312.86523
9,3657312.86523
10,3657312.86523
11,3657312.86523
12,3657312.86523
14,3657312.86523
15,3657312.86523
16,3657312.86523
17,3657312.86523
