rgn_id,pressure_score
1,0.31375703282163
2,0.31375703282163
3,0.31375703282163
4,0.31375703282163
5,0.31375703282163
6,0.31375703282163
7,0.31375703282163
8,0.31375703282163
9,0.31375703282163
10,0.31375703282163
11,0.31375703282163
12,0.31375703282163
14,0.31375703282163
15,0.31375703282163
16,0.31375703282163
17,0.31375703282163
