rgn_id,score
1,0.92606303350129
2,0.92606303350129
3,0.92606303350129
4,0.92606303350129
5,0.92606303350129
6,0.92606303350129
7,0.92606303350129
8,0.92606303350129
9,0.92606303350129
10,0.92606303350129
11,0.92606303350129
12,0.92606303350129
14,0.92606303350129
15,0.92606303350129
16,0.92606303350129
17,0.92606303350129
