rgn_id,score
1,0.926490913195894
2,0.926490913195894
3,0.926490913195894
4,0.926490913195894
5,0.926490913195894
6,0.926490913195894
7,0.926490913195894
8,0.926490913195894
9,0.926490913195894
10,0.926490913195894
11,0.926490913195894
12,0.926490913195894
14,0.926490913195894
15,0.926490913195894
16,0.926490913195894
17,0.926490913195894
