rgn_id,score
1,-0.137797836521129
2,-0.137797836521129
3,-0.137797836521129
4,-0.137797836521129
5,-0.137797836521129
6,-0.137797836521129
7,-0.137797836521129
8,-0.137797836521129
9,-0.137797836521129
10,-0.137797836521129
11,-0.137797836521129
12,-0.137797836521129
14,-0.137797836521129
15,-0.137797836521129
16,-0.137797836521129
17,-0.137797836521129
