rgn_id,pressure_score
1,0.263203345735868
2,0.263203345735868
3,0.263203345735868
4,0.263203345735868
5,0.263203345735868
6,0.263203345735868
7,0.263203345735868
8,0.263203345735868
9,0.263203345735868
10,0.263203345735868
11,0.263203345735868
12,0.263203345735868
14,0.263203345735868
15,0.263203345735868
16,0.263203345735868
17,0.263203345735868
