rgn_id,score
1,0.8821112184672404
2,0.8821112184672404
3,0.8821112184672404
4,0.8821112184672404
5,0.8821112184672404
6,0.8821112184672404
7,0.8821112184672404
8,0.8821112184672404
