rgn_id,score
1,0.8778141685569727
2,0.8778141685569727
3,0.8778141685569727
4,0.8778141685569727
5,0.8778141685569727
6,0.8778141685569727
7,0.8778141685569727
8,0.8778141685569727
