rgn_id,score
1,-0.12142810781245787
2,-0.12142810781245787
3,-0.12142810781245787
4,-0.12142810781245787
5,-0.12142810781245787
6,-0.12142810781245787
7,-0.12142810781245787
8,-0.12142810781245787
