rgn_id,rgn_name,area_km2
1,Tarapacá,105353.430151
2,Antofagasta,246344.270418
3,Atacama,181188.981644
4,Coquimbo,155825.923927
5,Valparaíso,77056.7017324
6,O'Higgins,54314.9769115
7,Maule,67250.7144884
8,Bío-Bío,219147.182803
9,Araucanía,67192.5052851
10,Los Lagos,358910.513219
11,Aisén,521501.115836
12,Magallanes,1754538.24735
14,Los Ríos,61740.0849728
15,Arica y Parinacota,31578.4712402
16,Juan Fernandez y Desventuradas,1337039.54872
17,Easter Island,909197.461023
